PRAGMA foreign_keys=OFF;
BEGIN TRANSACTION;
CREATE TABLE state (
  state_id INT NOT NULL PRIMARY KEY,
  state_name TEXT,
  population INT
);
INSERT INTO state VALUES(1,'Andaman and Nicobar Islands',380581);
INSERT INTO state VALUES(2,'Andhra Pradesh',49386799);
INSERT INTO state VALUES(3,'Arunachal Pradesh',1382611);
INSERT INTO state VALUES(4,'Assam',31169272);
INSERT INTO state VALUES(5,'Bihar',103804637);
INSERT INTO state VALUES(6,'Chandigarh',1055450);
INSERT INTO state VALUES(7,'Chhattisgarh',25540196);
INSERT INTO state VALUES(8,'Delhi',16787941);
INSERT INTO state VALUES(9,'Dadra and Nagar Haveli and Daman and Diu',585764);
INSERT INTO state VALUES(10,'Goa',1457723);
INSERT INTO state VALUES(11,'Gujarat',60383628);
INSERT INTO state VALUES(12,'Himachal Pradesh',6864602);
INSERT INTO state VALUES(13,'Haryana',25353081);
INSERT INTO state VALUES(14,'Jharkhand',32966238);
INSERT INTO state VALUES(15,'Jammu and Kashmir',12548926);
INSERT INTO state VALUES(16,'Karnataka',61130704);
INSERT INTO state VALUES(17,'Kerala',33387677);
INSERT INTO state VALUES(18,'Ladakh',274000);
INSERT INTO state VALUES(19,'Lakshadweep',64473);
INSERT INTO state VALUES(20,'Maharashtra',112372972);
INSERT INTO state VALUES(21,'Meghalaya',2964007);
INSERT INTO state VALUES(22,'Manipur',2721756);
INSERT INTO state VALUES(23,'Madhya Pradesh',72597565);
INSERT INTO state VALUES(24,'Mizoram',1091014);
INSERT INTO state VALUES(25,'Nagaland',1980602);
INSERT INTO state VALUES(26,'Odisha',41947358);
INSERT INTO state VALUES(27,'Punjab',27704236);
INSERT INTO state VALUES(28,'Puducherry',1247953);
INSERT INTO state VALUES(29,'Rajasthan',68621012);
INSERT INTO state VALUES(30,'Sikkim',607688);
INSERT INTO state VALUES(31,'Telangana',35286757);
INSERT INTO state VALUES(32,'Tamil Nadu',72138958);
INSERT INTO state VALUES(33,'Tripura',3671032);
INSERT INTO state VALUES(34,'Uttar Pradesh',199812341);
INSERT INTO state VALUES(35,'Uttarakhand',10116752);
INSERT INTO state VALUES(36,'West Bengal',91347736);
CREATE TABLE district (
  district_id INTEGER NOT NULL PRIMARY KEY AUTOINCREMENT,
  district_name TEXT,
  state_id INT,
  cases INT,
  cured INT,
  active INT,
  deaths INT,
  FOREIGN KEY(state_id) REFERENCES state(state_id) ON DELETE CASCADE
);
INSERT INTO district VALUES(1,'Nicobars',1,0,0,0,0);
INSERT INTO district VALUES(2,'North and Middle Andaman',1,1,1,0,0);
INSERT INTO district VALUES(3,'South Andaman',1,51,32,19,0);
INSERT INTO district VALUES(4,'Foreign Evacuees',2,434,434,0,0);
INSERT INTO district VALUES(5,'Anantapur',2,68250,67368,281,601);
INSERT INTO district VALUES(6,'Chittoor',2,89326,87424,1039,863);
INSERT INTO district VALUES(7,'East Godavari',2,125253,123997,620,636);
INSERT INTO district VALUES(8,'Guntur',2,77120,75906,539,675);
INSERT INTO district VALUES(9,'Krishna',2,49935,48529,722,684);
INSERT INTO district VALUES(10,'Kurnool',2,61404,60623,288,493);
INSERT INTO district VALUES(11,'Other State',2,2461,2461,0,0);
INSERT INTO district VALUES(12,'Prakasam',2,62439,61630,227,582);
INSERT INTO district VALUES(13,'S.P.S. Nellore',2,62921,62080,332,509);
INSERT INTO district VALUES(14,'Srikakulam',2,46568,45993,228,347);
INSERT INTO district VALUES(15,'Visakhapatnam',2,61202,59860,770,572);
INSERT INTO district VALUES(16,'Vizianagaram',2,41309,40974,97,238);
INSERT INTO district VALUES(17,'West Godavari',2,94500,93852,106,542);
INSERT INTO district VALUES(18,'Y.S.R. Kadapa',2,55693,55085,145,463);
INSERT INTO district VALUES(19,'Anjaw',3,204,204,0,0);
INSERT INTO district VALUES(20,'Changlang',3,1283,1279,0,4);
INSERT INTO district VALUES(21,'East Kameng',3,304,304,0,0);
INSERT INTO district VALUES(22,'East Siang',3,1144,1140,0,4);
INSERT INTO district VALUES(23,'Kamle',3,30,30,0,0);
INSERT INTO district VALUES(24,'Kra Daadi',3,37,37,0,0);
INSERT INTO district VALUES(25,'Kurung Kumey',3,117,117,0,0);
INSERT INTO district VALUES(26,'Lepa Rada',3,286,286,0,0);
INSERT INTO district VALUES(27,'Lohit',3,573,573,0,0);
INSERT INTO district VALUES(28,'Longding',3,250,250,0,0);
INSERT INTO district VALUES(29,'Lower Dibang Valley',3,478,475,3,0);
INSERT INTO district VALUES(30,'Lower Siang',3,287,287,0,0);
INSERT INTO district VALUES(31,'Lower Subansiri',3,381,380,0,1);
INSERT INTO district VALUES(32,'Namsai',3,434,430,0,4);
INSERT INTO district VALUES(33,'Pakke Kessang',3,132,132,0,0);
INSERT INTO district VALUES(34,'Papum Pare',3,6781,6752,0,29);
INSERT INTO district VALUES(35,'Shi Yomi',3,104,104,0,0);
INSERT INTO district VALUES(36,'Siang',3,133,132,0,1);
INSERT INTO district VALUES(37,'Tawang',3,492,490,0,2);
INSERT INTO district VALUES(38,'Tirap',3,589,587,0,2);
INSERT INTO district VALUES(39,'Upper Dibang Valley',3,23,23,0,0);
INSERT INTO district VALUES(40,'Upper Siang',3,361,361,0,0);
INSERT INTO district VALUES(41,'Upper Subansiri',3,441,439,0,2);
INSERT INTO district VALUES(42,'West Kameng',3,951,946,1,4);
INSERT INTO district VALUES(43,'West Siang',3,1030,1027,0,3);
INSERT INTO district VALUES(44,'Airport Quarantine',4,13,13,0,0);
INSERT INTO district VALUES(45,'Baksa',4,688,447,234,7);
INSERT INTO district VALUES(46,'Barpeta',4,1121,1024,84,13);
INSERT INTO district VALUES(47,'Biswanath',4,474,379,87,8);
INSERT INTO district VALUES(48,'Bongaigaon',4,1310,834,469,7);
INSERT INTO district VALUES(49,'Cachar',4,6253,1498,4712,43);
INSERT INTO district VALUES(50,'Charaideo',4,116,105,0,11);
INSERT INTO district VALUES(51,'Chirang',4,283,219,56,8);
INSERT INTO district VALUES(52,'Darrang',4,1967,1730,219,18);
INSERT INTO district VALUES(53,'Dhemaji',4,766,440,318,8);
INSERT INTO district VALUES(54,'Dhubri',4,1723,1215,496,12);
INSERT INTO district VALUES(55,'Dibrugarh',4,9642,2409,7131,102);
INSERT INTO district VALUES(56,'Dima Hasao',4,241,199,40,2);
INSERT INTO district VALUES(57,'Goalpara',4,665,568,38,10);
INSERT INTO district VALUES(58,'Golaghat',4,3810,1656,2108,46);
INSERT INTO district VALUES(59,'Hailakandi',4,1634,1116,511,7);
INSERT INTO district VALUES(60,'Hojai',4,1647,1160,473,14);
INSERT INTO district VALUES(61,'Jorhat',4,8821,1752,7015,54);
INSERT INTO district VALUES(62,'Kamrup',4,4604,2074,2495,35);
INSERT INTO district VALUES(63,'Kamrup Metropolitan',4,50962,15370,35440,152);
INSERT INTO district VALUES(64,'Karbi Anglong',4,633,552,70,11);
INSERT INTO district VALUES(65,'Karimganj',4,1212,955,231,26);
INSERT INTO district VALUES(66,'Kokrajhar',4,423,353,58,12);
INSERT INTO district VALUES(67,'Lakhimpur',4,3006,1135,1847,24);
INSERT INTO district VALUES(68,'Majuli',4,165,80,79,6);
INSERT INTO district VALUES(69,'Morigaon',4,646,557,80,9);
INSERT INTO district VALUES(70,'Nagaon',4,4556,2506,2024,26);
INSERT INTO district VALUES(71,'Nalbari',4,950,828,105,17);
INSERT INTO district VALUES(72,'Other State',4,1,1,0,0);
INSERT INTO district VALUES(73,'Sivasagar',4,535,473,27,35);
INSERT INTO district VALUES(74,'Sonitpur',4,2578,1727,832,19);
INSERT INTO district VALUES(75,'South Salmara Mankachar',4,53,47,5,1);
INSERT INTO district VALUES(76,'Tinsukia',4,3523,1798,1682,43);
INSERT INTO district VALUES(77,'Udalguri',4,763,666,89,8);
INSERT INTO district VALUES(78,'West Karbi Anglong',4,39,37,1,1);
INSERT INTO district VALUES(79,'Araria',5,7361,7255,84,22);
INSERT INTO district VALUES(80,'Arwal',5,2440,2421,7,12);
INSERT INTO district VALUES(81,'Aurangabad',5,5600,5573,11,16);
INSERT INTO district VALUES(82,'Banka',5,3623,3596,7,20);
INSERT INTO district VALUES(83,'Begusarai',5,8238,8157,44,37);
INSERT INTO district VALUES(84,'Bhagalpur',5,9746,9555,108,83);
INSERT INTO district VALUES(85,'Bhojpur',5,5156,5095,13,48);
INSERT INTO district VALUES(86,'Buxar',5,4041,4012,9,20);
INSERT INTO district VALUES(87,'Darbhanga',5,4310,4249,22,39);
INSERT INTO district VALUES(88,'East Champaran',5,8498,8434,10,54);
INSERT INTO district VALUES(89,'Gaya',5,8200,8097,42,61);
INSERT INTO district VALUES(90,'Gopalganj',5,5851,5817,19,15);
INSERT INTO district VALUES(91,'Jamui',5,3179,3167,2,10);
INSERT INTO district VALUES(92,'Jehanabad',5,4652,4582,43,27);
INSERT INTO district VALUES(93,'Kaimur',5,2278,2264,4,10);
INSERT INTO district VALUES(94,'Katihar',5,7273,7244,16,13);
INSERT INTO district VALUES(95,'Khagaria',5,3154,3137,3,14);
INSERT INTO district VALUES(96,'Kishanganj',5,4346,4320,13,13);
INSERT INTO district VALUES(97,'Lakhisarai',5,3875,3859,7,9);
INSERT INTO district VALUES(98,'Madhepura',5,4905,4885,3,17);
INSERT INTO district VALUES(99,'Madhubani',5,7808,7760,12,36);
INSERT INTO district VALUES(100,'Munger',5,4328,4242,29,57);
INSERT INTO district VALUES(101,'Muzaffarpur',5,12018,11947,19,52);
INSERT INTO district VALUES(102,'Nalanda',5,8413,8330,23,60);
INSERT INTO district VALUES(103,'Nawada',5,4364,4325,13,26);
INSERT INTO district VALUES(104,'Patna',5,53729,52704,567,458);
INSERT INTO district VALUES(105,'Purnia',5,9455,9421,9,25);
INSERT INTO district VALUES(106,'Rohtas',5,6929,6837,46,46);
INSERT INTO district VALUES(107,'Saharsa',5,6888,6865,11,12);
INSERT INTO district VALUES(108,'Samastipur',5,5399,5331,33,35);
INSERT INTO district VALUES(109,'Saran',5,7480,7393,22,65);
INSERT INTO district VALUES(110,'Sheikhpura',5,3001,2988,0,13);
INSERT INTO district VALUES(111,'Sheohar',5,1556,1550,5,1);
INSERT INTO district VALUES(112,'Sitamarhi',5,4498,4467,13,18);
INSERT INTO district VALUES(113,'Siwan',5,4873,4813,24,36);
INSERT INTO district VALUES(114,'Supaul',5,5663,5634,10,19);
INSERT INTO district VALUES(115,'Vaishali',5,5700,5639,10,50);
INSERT INTO district VALUES(116,'West Champaran',5,6127,6071,33,23);
INSERT INTO district VALUES(117,'Chandigarh',6,26121,23123,2623,375);
INSERT INTO district VALUES(118,'Other State',7,493,414,12,67);
INSERT INTO district VALUES(119,'Balod',7,10254,9837,314,103);
INSERT INTO district VALUES(120,'Baloda Bazar',7,10566,10119,289,158);
INSERT INTO district VALUES(121,'Balrampur',7,3882,3803,61,18);
INSERT INTO district VALUES(122,'Bametara',7,5849,5132,650,67);
INSERT INTO district VALUES(123,'Bastar',7,9372,9130,149,93);
INSERT INTO district VALUES(124,'Bijapur',7,4158,4100,30,28);
INSERT INTO district VALUES(125,'Bilaspur',7,23318,22182,911,225);
INSERT INTO district VALUES(126,'Dakshin Bastar Dantewada',7,6178,6127,34,17);
INSERT INTO district VALUES(127,'Dhamtari',7,8917,8452,330,135);
INSERT INTO district VALUES(128,'Durg',7,36595,28672,7212,711);
INSERT INTO district VALUES(129,'Gariaband',7,4940,4745,135,60);
INSERT INTO district VALUES(130,'Janjgir Champa',7,20967,20576,147,244);
INSERT INTO district VALUES(131,'Jashpur',7,4723,4350,335,38);
INSERT INTO district VALUES(132,'Kabeerdham',7,6178,5976,128,74);
INSERT INTO district VALUES(133,'Kondagaon',7,5356,5265,54,37);
INSERT INTO district VALUES(134,'Korba',7,17653,17189,331,133);
INSERT INTO district VALUES(135,'Koriya',7,6027,5681,306,40);
INSERT INTO district VALUES(136,'Mahasamund',7,10156,9588,415,153);
INSERT INTO district VALUES(137,'Mungeli',7,4245,4134,80,31);
INSERT INTO district VALUES(138,'Narayanpur',7,1992,1974,16,2);
INSERT INTO district VALUES(139,'Raigarh',7,24554,23995,232,327);
INSERT INTO district VALUES(140,'Raipur',7,63211,57382,4953,876);
INSERT INTO district VALUES(141,'Rajnandgaon',7,21620,20330,1094,196);
INSERT INTO district VALUES(142,'Sukma',7,4030,4006,14,10);
INSERT INTO district VALUES(143,'Surajpur',7,7074,6747,272,55);
INSERT INTO district VALUES(144,'Surguja',7,9268,8647,521,100);
INSERT INTO district VALUES(145,'Uttar Bastar Kanker',7,6918,6708,142,68);
INSERT INTO district VALUES(146,'Gaurela Pendra Marwahi',7,1599,1517,72,10);
INSERT INTO district VALUES(147,'Central Delhi',8,184,0,184,0);
INSERT INTO district VALUES(148,'East Delhi',8,38,0,38,0);
INSERT INTO district VALUES(149,'New Delhi',8,37,0,37,0);
INSERT INTO district VALUES(150,'North Delhi',8,60,0,60,0);
INSERT INTO district VALUES(151,'North East Delhi',8,25,0,25,0);
INSERT INTO district VALUES(152,'North West Delhi',8,32,0,31,1);
INSERT INTO district VALUES(153,'Shahdara',8,48,0,48,0);
INSERT INTO district VALUES(154,'South Delhi',8,70,0,70,0);
INSERT INTO district VALUES(155,'South East Delhi',8,130,0,130,0);
INSERT INTO district VALUES(156,'South West Delhi',8,42,0,42,0);
INSERT INTO district VALUES(157,'West Delhi',8,122,0,122,0);
INSERT INTO district VALUES(158,'Other State',9,0,0,0,0);
INSERT INTO district VALUES(159,'Dadra and Nagar Haveli',9,1771,1671,94,1);
INSERT INTO district VALUES(160,'Daman',9,1498,1427,45,1);
INSERT INTO district VALUES(161,'Diu',9,312,312,0,0);
INSERT INTO district VALUES(162,'Other State',10,200,190,9,1);
INSERT INTO district VALUES(163,'North Goa',10,2668,964,1639,65);
INSERT INTO district VALUES(164,'South Goa',10,3511,1407,1978,126);
INSERT INTO district VALUES(165,'Other State',11,162,159,0,3);
INSERT INTO district VALUES(166,'Ahmedabad',11,70775,66377,2053,2345);
INSERT INTO district VALUES(167,'Amreli',11,4174,3998,143,33);
INSERT INTO district VALUES(168,'Anand',11,3017,2892,108,17);
INSERT INTO district VALUES(169,'Aravalli',11,1284,1226,32,26);
INSERT INTO district VALUES(170,'Banaskantha',11,4840,4726,75,39);
INSERT INTO district VALUES(171,'Bharuch',11,4552,4389,144,19);
INSERT INTO district VALUES(172,'Bhavnagar',11,6769,6377,323,69);
INSERT INTO district VALUES(173,'Botad',11,1076,1052,10,14);
INSERT INTO district VALUES(174,'Chhota Udaipur',11,1065,1030,32,3);
INSERT INTO district VALUES(175,'Dahod',11,3653,3473,173,7);
INSERT INTO district VALUES(176,'Dang',11,209,189,19,1);
INSERT INTO district VALUES(177,'Devbhumi Dwarka',11,1224,1178,41,5);
INSERT INTO district VALUES(178,'Gandhinagar',11,9427,9046,272,109);
INSERT INTO district VALUES(179,'Gir Somnath',11,2742,2651,67,24);
INSERT INTO district VALUES(180,'Jamnagar',11,11266,10958,272,36);
INSERT INTO district VALUES(181,'Junagadh',11,5695,5606,56,33);
INSERT INTO district VALUES(182,'Kheda',11,3798,3707,73,18);
INSERT INTO district VALUES(183,'Kutch',11,4956,4717,206,33);
INSERT INTO district VALUES(184,'Mahisagar',11,2326,2137,177,12);
INSERT INTO district VALUES(185,'Mehsana',11,7465,7242,185,38);
INSERT INTO district VALUES(186,'Morbi',11,3554,3404,131,19);
INSERT INTO district VALUES(187,'Narmada',11,2413,2296,116,1);
INSERT INTO district VALUES(188,'Navsari',11,1774,1694,72,8);
INSERT INTO district VALUES(189,'Panchmahal',11,4698,4555,120,23);
INSERT INTO district VALUES(190,'Patan',11,4513,4280,180,53);
INSERT INTO district VALUES(191,'Porbandar',11,757,744,9,4);
INSERT INTO district VALUES(192,'Rajkot',11,26242,25117,919,206);
INSERT INTO district VALUES(193,'Sabarkantha',11,3392,3287,92,13);
INSERT INTO district VALUES(194,'Surat',11,63125,58285,3835,1005);
INSERT INTO district VALUES(195,'Surendranagar',11,3657,3542,101,14);
INSERT INTO district VALUES(196,'Tapi',11,1164,1115,42,7);
INSERT INTO district VALUES(197,'Vadodara',11,33577,31949,1382,246);
INSERT INTO district VALUES(198,'Valsad',11,1525,1448,68,9);
INSERT INTO district VALUES(199,'Bilaspur',12,3211,3018,166,26);
INSERT INTO district VALUES(200,'Chamba',12,3008,2933,19,52);
INSERT INTO district VALUES(201,'Hamirpur',12,3380,3103,226,50);
INSERT INTO district VALUES(202,'Kangra',12,9350,8649,477,222);
INSERT INTO district VALUES(203,'Kinnaur',12,1399,1376,7,16);
INSERT INTO district VALUES(204,'Kullu',12,4521,4400,28,86);
INSERT INTO district VALUES(205,'Lahaul and Spiti',12,1259,1246,1,12);
INSERT INTO district VALUES(206,'Mandi',12,10445,10231,85,129);
INSERT INTO district VALUES(207,'Shimla',12,10836,10372,190,270);
INSERT INTO district VALUES(208,'Sirmaur',12,3931,3690,207,34);
INSERT INTO district VALUES(209,'Solan',12,7359,6864,421,73);
INSERT INTO district VALUES(210,'Una',12,3961,3256,651,53);
INSERT INTO district VALUES(211,'Foreign Evacuees',13,0,0,0,0);
INSERT INTO district VALUES(212,'Ambala',13,13790,12621,1012,157);
INSERT INTO district VALUES(213,'Bhiwani',13,6412,6239,28,145);
INSERT INTO district VALUES(214,'Charkhi Dadri',13,1549,1505,18,26);
INSERT INTO district VALUES(215,'Faridabad',13,47526,46590,515,421);
INSERT INTO district VALUES(216,'Fatehabad',13,5069,4699,247,123);
INSERT INTO district VALUES(217,'Gurugram',13,62310,60227,1719,364);
INSERT INTO district VALUES(218,'Hisar',13,17380,16906,141,333);
INSERT INTO district VALUES(219,'Italians',13,0,0,0,0);
INSERT INTO district VALUES(220,'Jhajjar',13,6029,5869,58,102);
INSERT INTO district VALUES(221,'Jind',13,5387,5030,259,98);
INSERT INTO district VALUES(222,'Kaithal',13,4534,4232,241,61);
INSERT INTO district VALUES(223,'Karnal',13,14033,12481,1385,167);
INSERT INTO district VALUES(224,'Kurukshetra',13,10883,9827,911,145);
INSERT INTO district VALUES(225,'Mahendragarh',13,6653,6601,31,21);
INSERT INTO district VALUES(226,'Nuh',13,1721,1690,1,30);
INSERT INTO district VALUES(227,'Palwal',13,4451,4413,3,35);
INSERT INTO district VALUES(228,'Panchkula',13,12748,11630,964,154);
INSERT INTO district VALUES(229,'Panipat',13,11485,10941,382,162);
INSERT INTO district VALUES(230,'Rewari',13,11424,11322,26,76);
INSERT INTO district VALUES(231,'Rohtak',13,12524,12208,161,155);
INSERT INTO district VALUES(232,'Sirsa',13,8332,8056,159,117);
INSERT INTO district VALUES(233,'Sonipat',13,15310,14910,314,86);
INSERT INTO district VALUES(234,'Yamunanagar',13,8169,7461,545,163);
INSERT INTO district VALUES(235,'Bokaro',14,6858,6740,51,67);
INSERT INTO district VALUES(236,'Chatra',14,1446,1423,12,11);
INSERT INTO district VALUES(237,'Deoghar',14,3754,3683,46,25);
INSERT INTO district VALUES(238,'Dhanbad',14,7925,7715,93,117);
INSERT INTO district VALUES(239,'Dumka',14,1464,1404,45,15);
INSERT INTO district VALUES(240,'East Singhbhum',14,18990,18407,226,357);
INSERT INTO district VALUES(241,'Garhwa',14,2835,2819,2,14);
INSERT INTO district VALUES(242,'Giridih',14,3432,3413,5,14);
INSERT INTO district VALUES(243,'Godda',14,2131,2108,13,10);
INSERT INTO district VALUES(244,'Gumla',14,2429,2374,47,8);
INSERT INTO district VALUES(245,'Hazaribagh',14,4475,4418,19,38);
INSERT INTO district VALUES(246,'Jamtara',14,1288,1274,10,4);
INSERT INTO district VALUES(247,'Khunti',14,2169,2144,18,7);
INSERT INTO district VALUES(248,'Koderma',14,3516,3456,32,28);
INSERT INTO district VALUES(249,'Latehar',14,1999,1967,25,7);
INSERT INTO district VALUES(250,'Lohardaga',14,1828,1788,30,10);
INSERT INTO district VALUES(251,'Pakur',14,931,904,25,2);
INSERT INTO district VALUES(252,'Palamu',14,3641,3616,1,24);
INSERT INTO district VALUES(253,'Ramgarh',14,4600,4541,31,28);
INSERT INTO district VALUES(254,'Ranchi',14,34795,33537,1002,256);
INSERT INTO district VALUES(255,'Sahibganj',14,1727,1646,70,11);
INSERT INTO district VALUES(256,'Saraikela-Kharsawan',14,3731,3700,19,12);
INSERT INTO district VALUES(257,'Simdega',14,2076,2065,5,6);
INSERT INTO district VALUES(258,'West Singhbhum',14,4879,4812,28,39);
INSERT INTO district VALUES(259,'Anantnag',15,5143,5030,19,94);
INSERT INTO district VALUES(260,'Bandipora',15,4749,4666,21,62);
INSERT INTO district VALUES(261,'Baramulla',15,8704,8272,254,178);
INSERT INTO district VALUES(262,'Budgam',15,8145,7878,147,120);
INSERT INTO district VALUES(263,'Doda',15,3454,3377,13,64);
INSERT INTO district VALUES(264,'Ganderbal',15,4703,4644,12,47);
INSERT INTO district VALUES(265,'Jammu',15,25789,25006,402,381);
INSERT INTO district VALUES(266,'Kathua',15,3299,3222,24,53);
INSERT INTO district VALUES(267,'Kishtwar',15,2740,2717,1,22);
INSERT INTO district VALUES(268,'Kulgam',15,2773,2702,17,54);
INSERT INTO district VALUES(269,'Kupwara',15,5791,5635,59,97);
INSERT INTO district VALUES(270,'Mirpur',15,0,0,0,0);
INSERT INTO district VALUES(271,'Muzaffarabad',15,0,0,0,0);
INSERT INTO district VALUES(272,'Pulwama',15,5963,5810,61,92);
INSERT INTO district VALUES(273,'Punch',15,2542,2501,16,25);
INSERT INTO district VALUES(274,'Rajouri',15,3890,3824,11,55);
INSERT INTO district VALUES(275,'Ramban',15,2152,2115,16,21);
INSERT INTO district VALUES(276,'Reasi',15,1660,1642,2,16);
INSERT INTO district VALUES(277,'Samba',15,2856,2802,13,41);
INSERT INTO district VALUES(278,'Shopiyan',15,2644,2579,25,40);
INSERT INTO district VALUES(279,'Srinagar',15,28654,27311,873,470);
INSERT INTO district VALUES(280,'Udhampur',15,4342,4270,15,57);
INSERT INTO district VALUES(281,'Bagalkote',16,13888,13680,72,136);
INSERT INTO district VALUES(282,'Ballari',16,39682,38842,242,598);
INSERT INTO district VALUES(283,'Belagavi',16,27343,26786,213,344);
INSERT INTO district VALUES(284,'Bengaluru Rural',16,19400,18805,432,163);
INSERT INTO district VALUES(285,'Bengaluru Urban',16,428173,407709,15882,4581);
INSERT INTO district VALUES(286,'Bidar',16,8545,7813,547,181);
INSERT INTO district VALUES(287,'Chamarajanagara',16,7068,6906,31,120);
INSERT INTO district VALUES(288,'Chikkaballapura',16,14010,13790,101,118);
INSERT INTO district VALUES(289,'Chikkamagaluru',16,14196,13961,96,139);
INSERT INTO district VALUES(290,'Chitradurga',16,15118,14960,89,69);
INSERT INTO district VALUES(291,'Dakshina Kannada',16,35562,34248,572,740);
INSERT INTO district VALUES(292,'Davanagere',16,22578,22262,52,264);
INSERT INTO district VALUES(293,'Dharwad',16,22838,21969,243,626);
INSERT INTO district VALUES(294,'Gadag',16,11150,10946,63,141);
INSERT INTO district VALUES(295,'Hassan',16,29324,28532,393,399);
INSERT INTO district VALUES(296,'Haveri',16,11048,10841,17,190);
INSERT INTO district VALUES(297,'Kalaburagi',16,23558,22266,952,340);
INSERT INTO district VALUES(298,'Kodagu',16,6336,6179,84,73);
INSERT INTO district VALUES(299,'Kolar',16,10451,10099,174,178);
INSERT INTO district VALUES(300,'Koppal',16,14018,13682,56,280);
INSERT INTO district VALUES(301,'Mandya',16,20118,19773,192,153);
INSERT INTO district VALUES(302,'Mysuru',16,55447,53815,583,1049);
INSERT INTO district VALUES(303,'Other State',16,36,33,0,3);
INSERT INTO district VALUES(304,'Raichur',16,14438,14187,93,158);
INSERT INTO district VALUES(305,'Ramanagara',16,7481,7377,27,77);
INSERT INTO district VALUES(306,'Shivamogga',16,22727,22219,159,349);
INSERT INTO district VALUES(307,'Tumakuru',16,26739,25819,523,397);
INSERT INTO district VALUES(308,'Udupi',16,25061,24056,814,191);
INSERT INTO district VALUES(309,'Uttara Kannada',16,14899,14635,85,179);
INSERT INTO district VALUES(310,'Vijayapura',16,14993,14588,198,207);
INSERT INTO district VALUES(311,'Yadgir',16,10787,10674,52,61);
INSERT INTO district VALUES(312,'Other State',17,0,0,0,0);
INSERT INTO district VALUES(313,'Alappuzha',17,81763,80431,906,400);
INSERT INTO district VALUES(314,'Ernakulam',17,129649,126749,2416,454);
INSERT INTO district VALUES(315,'Idukki',17,29101,27196,1853,47);
INSERT INTO district VALUES(316,'Kannur',17,58572,55337,2885,317);
INSERT INTO district VALUES(317,'Kasaragod',17,31920,29565,2236,111);
INSERT INTO district VALUES(318,'Kollam',17,92028,91070,599,336);
INSERT INTO district VALUES(319,'Kottayam',17,83926,81975,1728,213);
INSERT INTO district VALUES(320,'Kozhikode',17,127663,125240,1899,496);
INSERT INTO district VALUES(321,'Malappuram',17,122608,120795,1345,448);
INSERT INTO district VALUES(322,'Palakkad',17,61558,59276,2095,177);
INSERT INTO district VALUES(323,'Pathanamthitta',17,60069,57786,2150,125);
INSERT INTO district VALUES(324,'Thiruvananthapuram',17,107136,104462,1713,870);
INSERT INTO district VALUES(325,'Thrissur',17,103669,101449,1709,493);
INSERT INTO district VALUES(326,'Wayanad',17,28332,27191,1044,93);
INSERT INTO district VALUES(327,'Kargil',18,2146,2097,5,44);
INSERT INTO district VALUES(328,'Leh',18,7828,7639,103,86);
INSERT INTO district VALUES(329,'Lakshadweep',19,701,627,68,1);
INSERT INTO district VALUES(330,'Ahmednagar',20,90067,82000,6875,1191);
INSERT INTO district VALUES(331,'Akola',20,27637,22279,4896,458);
INSERT INTO district VALUES(332,'Amravati',20,48264,44448,3179,635);
INSERT INTO district VALUES(333,'Aurangabad',20,80252,57900,21000,1338);
INSERT INTO district VALUES(334,'Beed',20,24921,20653,3655,604);
INSERT INTO district VALUES(335,'Bhandara',20,17025,14525,2180,318);
INSERT INTO district VALUES(336,'Buldhana',20,26812,22562,3965,280);
INSERT INTO district VALUES(337,'Chandrapur',20,28577,25825,2310,440);
INSERT INTO district VALUES(338,'Dhule',20,24608,19451,4813,342);
INSERT INTO district VALUES(339,'Gadchiroli',20,9920,9425,378,109);
INSERT INTO district VALUES(340,'Gondia',20,15763,14828,750,179);
INSERT INTO district VALUES(341,'Hingoli',20,6589,4833,1656,100);
INSERT INTO district VALUES(342,'Jalgaon',20,82720,74198,6916,1583);
INSERT INTO district VALUES(343,'Jalna',20,22339,21416,520,402);
INSERT INTO district VALUES(344,'Kolhapur',20,51007,48650,664,1690);
INSERT INTO district VALUES(345,'Latur',20,31686,26587,4361,734);
INSERT INTO district VALUES(346,'Mumbai',20,398724,342522,43599,11653);
INSERT INTO district VALUES(347,'Mumbai Suburban',20,0,0,0,0);
INSERT INTO district VALUES(348,'Nagpur',20,222613,176545,42232,3793);
INSERT INTO district VALUES(349,'Nanded',20,39908,24382,14781,739);
INSERT INTO district VALUES(350,'Nandurbar',20,16739,12394,4067,277);
INSERT INTO district VALUES(351,'Nashik',20,169272,140550,26538,2183);
INSERT INTO district VALUES(352,'Osmanabad',20,20472,18056,1814,585);
INSERT INTO district VALUES(353,'Other State',20,146,0,50,94);
INSERT INTO district VALUES(354,'Palghar',20,53169,48830,3361,968);
INSERT INTO district VALUES(355,'Parbhani',20,12902,8988,3565,338);
INSERT INTO district VALUES(356,'Pune',20,516455,446104,62022,8280);
INSERT INTO district VALUES(357,'Raigad',20,79151,73219,4285,1645);
INSERT INTO district VALUES(358,'Ratnagiri',20,12889,11996,462,429);
INSERT INTO district VALUES(359,'Sangli',20,53784,50222,1746,1814);
INSERT INTO district VALUES(360,'Satara',20,64470,59563,3017,1881);
INSERT INTO district VALUES(361,'Sindhudurg',20,7163,6559,419,185);
INSERT INTO district VALUES(362,'Solapur',20,65279,58883,4449,1896);
INSERT INTO district VALUES(363,'Thane',20,329102,290348,32780,5943);
INSERT INTO district VALUES(364,'Wardha',20,20595,18518,1650,367);
INSERT INTO district VALUES(365,'Washim',20,15361,12493,2681,184);
INSERT INTO district VALUES(366,'Yavatmal',20,27494,22701,4265,524);
INSERT INTO district VALUES(367,'East Garo Hills',21,339,338,0,1);
INSERT INTO district VALUES(368,'East Jaintia Hills',21,552,552,0,0);
INSERT INTO district VALUES(369,'East Khasi Hills',21,8730,8585,21,124);
INSERT INTO district VALUES(370,'North Garo Hills',21,120,118,0,2);
INSERT INTO district VALUES(371,'Ribhoi',21,1395,1388,5,2);
INSERT INTO district VALUES(372,'South Garo Hills',21,198,198,0,0);
INSERT INTO district VALUES(373,'South West Garo Hills',21,200,198,0,2);
INSERT INTO district VALUES(374,'South West Khasi Hills',21,57,57,0,0);
INSERT INTO district VALUES(375,'West Garo Hills',21,1719,1702,0,17);
INSERT INTO district VALUES(376,'West Jaintia Hills',21,542,541,0,1);
INSERT INTO district VALUES(377,'West Khasi Hills',21,180,179,0,1);
INSERT INTO district VALUES(378,'CAPF Personnel',22,2666,1414,1250,2);
INSERT INTO district VALUES(379,'Bishnupur',22,1340,58,1258,24);
INSERT INTO district VALUES(380,'Chandel',22,379,4,366,9);
INSERT INTO district VALUES(381,'Churachandpur',22,1526,58,1439,29);
INSERT INTO district VALUES(382,'Imphal East',22,5715,150,5488,77);
INSERT INTO district VALUES(383,'Imphal West',22,8916,52,8762,102);
INSERT INTO district VALUES(384,'Jiribam',22,267,2,265,0);
INSERT INTO district VALUES(385,'Kakching',22,827,27,792,8);
INSERT INTO district VALUES(386,'Kamjong',22,253,17,236,0);
INSERT INTO district VALUES(387,'Kangpokpi',22,625,19,596,10);
INSERT INTO district VALUES(388,'Noney',22,335,18,316,1);
INSERT INTO district VALUES(389,'Pherzawl',22,37,15,22,0);
INSERT INTO district VALUES(390,'Senapati',22,508,21,486,1);
INSERT INTO district VALUES(391,'Tamenglong',22,1397,32,1359,6);
INSERT INTO district VALUES(392,'Tengnoupal',22,288,13,274,1);
INSERT INTO district VALUES(393,'Thoubal',22,2348,23,2285,40);
INSERT INTO district VALUES(394,'Ukhrul',22,540,18,519,3);
INSERT INTO district VALUES(395,'Agar Malwa',23,721,689,22,10);
INSERT INTO district VALUES(396,'Alirajpur',23,1423,1351,56,16);
INSERT INTO district VALUES(397,'Anuppur',23,2181,2135,31,15);
INSERT INTO district VALUES(398,'Ashoknagar',23,1179,1136,26,17);
INSERT INTO district VALUES(399,'Balaghat',23,3421,3272,135,14);
INSERT INTO district VALUES(400,'Barwani',23,3291,3106,154,31);
INSERT INTO district VALUES(401,'Betul',23,4504,3981,442,81);
INSERT INTO district VALUES(402,'Bhind',23,1521,1501,10,10);
INSERT INTO district VALUES(403,'Bhopal',23,49987,45590,3768,629);
INSERT INTO district VALUES(404,'Burhanpur',23,1361,1181,150,30);
INSERT INTO district VALUES(405,'Chhatarpur',23,2146,2083,31,32);
INSERT INTO district VALUES(406,'Chhindwara',23,3613,3271,287,55);
INSERT INTO district VALUES(407,'Damoh',23,3055,2846,116,93);
INSERT INTO district VALUES(408,'Datia',23,1997,1910,67,20);
INSERT INTO district VALUES(409,'Dewas',23,3208,3018,163,27);
INSERT INTO district VALUES(410,'Dhar',23,4376,4197,120,59);
INSERT INTO district VALUES(411,'Dindori',23,1104,1074,29,1);
INSERT INTO district VALUES(412,'Guna',23,1700,1593,81,26);
INSERT INTO district VALUES(413,'Gwalior',23,17332,16647,450,235);
INSERT INTO district VALUES(414,'Harda',23,2235,2158,40,37);
INSERT INTO district VALUES(415,'Hoshangabad',23,4059,3930,68,61);
INSERT INTO district VALUES(416,'Indore',23,67791,63713,3123,955);
INSERT INTO district VALUES(417,'Jabalpur',23,18537,17194,1083,260);
INSERT INTO district VALUES(418,'Jhabua',23,2728,2659,42,27);
INSERT INTO district VALUES(419,'Katni',23,2407,2318,68,21);
INSERT INTO district VALUES(420,'Khandwa',23,2707,2535,106,66);
INSERT INTO district VALUES(421,'Khargone',23,6161,5734,310,117);
INSERT INTO district VALUES(422,'Mandla',23,1310,1266,34,10);
INSERT INTO district VALUES(423,'Mandsaur',23,3144,2984,124,36);
INSERT INTO district VALUES(424,'Morena',23,3280,3236,15,29);
INSERT INTO district VALUES(425,'Narsinghpur',23,3801,3601,170,30);
INSERT INTO district VALUES(426,'Neemuch',23,3248,3134,77,37);
INSERT INTO district VALUES(427,'Niwari',23,699,689,7,3);
INSERT INTO district VALUES(428,'Other Region',23,0,0,0,0);
INSERT INTO district VALUES(429,'Panna',23,1254,1185,64,5);
INSERT INTO district VALUES(430,'Raisen',23,2690,2524,119,47);
INSERT INTO district VALUES(431,'Rajgarh',23,2643,2464,109,70);
INSERT INTO district VALUES(432,'Ratlam',23,5576,4977,511,88);
INSERT INTO district VALUES(433,'Rewa',23,4372,4248,89,35);
INSERT INTO district VALUES(434,'Sagar',23,6087,5618,315,154);
INSERT INTO district VALUES(435,'Satna',23,3663,3560,61,42);
INSERT INTO district VALUES(436,'Sehore',23,3020,2853,119,48);
INSERT INTO district VALUES(437,'Seoni',23,1740,1647,83,10);
INSERT INTO district VALUES(438,'Shahdol',23,3153,3014,109,30);
INSERT INTO district VALUES(439,'Shajapur',23,2004,1846,133,25);
INSERT INTO district VALUES(440,'Sheopur',23,1616,1564,35,17);
INSERT INTO district VALUES(441,'Shivpuri',23,3756,3662,64,30);
INSERT INTO district VALUES(442,'Sidhi',23,2226,2171,42,13);
INSERT INTO district VALUES(443,'Singrauli',23,2041,1971,44,26);
INSERT INTO district VALUES(444,'Tikamgarh',23,1374,1316,31,27);
INSERT INTO district VALUES(445,'Ujjain',23,5902,5211,581,110);
INSERT INTO district VALUES(446,'Umaria',23,1392,1316,57,19);
INSERT INTO district VALUES(447,'Vidisha',23,3947,3661,214,72);
INSERT INTO district VALUES(448,'Aizawl',24,2931,2898,23,10);
INSERT INTO district VALUES(449,'Champhai',24,102,102,0,0);
INSERT INTO district VALUES(450,'Hnahthial',24,20,20,0,0);
INSERT INTO district VALUES(451,'Khawzawl',24,23,23,0,0);
INSERT INTO district VALUES(452,'Kolasib',24,295,295,0,0);
INSERT INTO district VALUES(453,'Lawngtlai',24,340,340,0,0);
INSERT INTO district VALUES(454,'Lunglei',24,418,418,0,0);
INSERT INTO district VALUES(455,'Mamit',24,84,83,1,0);
INSERT INTO district VALUES(456,'Saiha',24,39,37,2,0);
INSERT INTO district VALUES(457,'Saitual',24,33,33,0,0);
INSERT INTO district VALUES(458,'Serchhip',24,180,179,0,1);
INSERT INTO district VALUES(459,'Others',25,0,0,0,0);
INSERT INTO district VALUES(460,'Dimapur',25,6483,6341,5,62);
INSERT INTO district VALUES(461,'Kiphire',25,41,40,0,1);
INSERT INTO district VALUES(462,'Kohima',25,3904,3838,-1,21);
INSERT INTO district VALUES(463,'Longleng',25,19,10,0,0);
INSERT INTO district VALUES(464,'Mokokchung',25,195,184,0,3);
INSERT INTO district VALUES(465,'Mon',25,605,594,0,2);
INSERT INTO district VALUES(466,'Peren',25,507,506,0,0);
INSERT INTO district VALUES(467,'Phek',25,47,47,0,0);
INSERT INTO district VALUES(468,'Tuensang',25,248,246,0,1);
INSERT INTO district VALUES(469,'Wokha',25,39,35,1,1);
INSERT INTO district VALUES(470,'Zunheboto',25,142,139,0,0);
INSERT INTO district VALUES(471,'State Pool',26,8516,8441,75,0);
INSERT INTO district VALUES(472,'Others',26,0,0,0,0);
INSERT INTO district VALUES(473,'Angul',26,11566,11488,41,37);
INSERT INTO district VALUES(474,'Balangir',26,8951,8830,79,42);
INSERT INTO district VALUES(475,'Balasore',26,12541,12393,47,101);
INSERT INTO district VALUES(476,'Bargarh',26,10806,10691,73,42);
INSERT INTO district VALUES(477,'Bhadrak',26,7545,7480,36,29);
INSERT INTO district VALUES(478,'Boudh',26,2825,2811,3,11);
INSERT INTO district VALUES(479,'Cuttack',26,29479,29149,184,146);
INSERT INTO district VALUES(480,'Deogarh',26,1404,1394,5,5);
INSERT INTO district VALUES(481,'Dhenkanal',26,5736,5691,16,29);
INSERT INTO district VALUES(482,'Gajapati',26,4088,4053,2,33);
INSERT INTO district VALUES(483,'Ganjam',26,21951,21680,15,256);
INSERT INTO district VALUES(484,'Jagatsinghpur',26,9193,9135,20,38);
INSERT INTO district VALUES(485,'Jajpur',26,12427,12363,38,26);
INSERT INTO district VALUES(486,'Jharsuguda',26,7990,7919,45,26);
INSERT INTO district VALUES(487,'Kalahandi',26,6468,6374,62,32);
INSERT INTO district VALUES(488,'Kandhamal',26,5955,5920,2,33);
INSERT INTO district VALUES(489,'Kendrapara',26,9172,9128,15,29);
INSERT INTO district VALUES(490,'Kendujhar',26,8053,8009,6,38);
INSERT INTO district VALUES(491,'Khordha',26,53651,53031,270,350);
INSERT INTO district VALUES(492,'Koraput',26,7918,7883,19,16);
INSERT INTO district VALUES(493,'Malkangiri',26,5246,5218,0,28);
INSERT INTO district VALUES(494,'Mayurbhanj',26,14404,14239,72,93);
INSERT INTO district VALUES(495,'Nabarangapur',26,5856,5835,5,16);
INSERT INTO district VALUES(496,'Nayagarh',26,6495,6445,3,47);
INSERT INTO district VALUES(497,'Nuapada',26,7801,7653,121,27);
INSERT INTO district VALUES(498,'Puri',26,14547,14387,39,121);
INSERT INTO district VALUES(499,'Rayagada',26,8498,8433,20,45);
INSERT INTO district VALUES(500,'Sambalpur',26,10246,10102,66,78);
INSERT INTO district VALUES(501,'Subarnapur',26,4795,4768,6,21);
INSERT INTO district VALUES(502,'Sundargarh',26,16071,15748,145,178);
INSERT INTO district VALUES(503,'Amritsar',27,20026,16698,2666,662);
INSERT INTO district VALUES(504,'Barnala',27,2595,2307,218,70);
INSERT INTO district VALUES(505,'Bathinda',27,10987,10028,715,244);
INSERT INTO district VALUES(506,'Faridkot',27,4722,4332,301,89);
INSERT INTO district VALUES(507,'Fatehgarh Sahib',27,3495,3072,306,117);
INSERT INTO district VALUES(508,'Fazilka',27,4376,4027,268,81);
INSERT INTO district VALUES(509,'Ferozepur',27,5165,4726,278,161);
INSERT INTO district VALUES(510,'Gurdaspur',27,10600,9286,984,330);
INSERT INTO district VALUES(511,'Hoshiarpur',27,14028,11641,1872,515);
INSERT INTO district VALUES(512,'Jalandhar',27,28694,24500,3308,886);
INSERT INTO district VALUES(513,'Kapurthala',27,8553,7260,1050,243);
INSERT INTO district VALUES(514,'Ludhiana',27,33410,29439,2853,1118);
INSERT INTO district VALUES(515,'Mansa',27,2821,2600,165,56);
INSERT INTO district VALUES(516,'Moga',27,3492,3116,275,101);
INSERT INTO district VALUES(517,'Pathankot',27,6475,6026,282,167);
INSERT INTO district VALUES(518,'Patiala',27,21753,18618,2565,570);
INSERT INTO district VALUES(519,'Rupnagar',27,4944,4106,643,195);
INSERT INTO district VALUES(520,'S.A.S. Nagar',27,25880,22156,3301,423);
INSERT INTO district VALUES(521,'Sangrur',27,5391,4801,364,226);
INSERT INTO district VALUES(522,'Shahid Bhagat Singh Nagar',27,7040,6105,748,187);
INSERT INTO district VALUES(523,'Sri Muktsar Sahib',27,4354,3953,294,107);
INSERT INTO district VALUES(524,'Tarn Taran',27,2933,2330,461,142);
INSERT INTO district VALUES(525,'Karaikal',28,4331,3997,259,75);
INSERT INTO district VALUES(526,'Mahe',28,2303,2269,24,10);
INSERT INTO district VALUES(527,'Puducherry',28,32325,31164,611,550);
INSERT INTO district VALUES(528,'Yanam',28,2142,2084,13,45);
INSERT INTO district VALUES(529,'Ajmer',29,17830,17144,462,224);
INSERT INTO district VALUES(530,'Alwar',29,22053,21820,155,78);
INSERT INTO district VALUES(531,'Banswara',29,2715,2535,145,35);
INSERT INTO district VALUES(532,'Baran',29,2786,2640,110,36);
INSERT INTO district VALUES(533,'Barmer',29,5140,5065,22,53);
INSERT INTO district VALUES(534,'Bharatpur',29,9157,9013,24,120);
INSERT INTO district VALUES(535,'Bhilwara',29,10917,10462,415,40);
INSERT INTO district VALUES(536,'Bikaner',29,19216,18937,112,167);
INSERT INTO district VALUES(537,'BSF Camp',29,85,85,0,0);
INSERT INTO district VALUES(538,'Bundi',29,3167,3058,90,19);
INSERT INTO district VALUES(539,'Chittorgarh',29,4276,4049,183,44);
INSERT INTO district VALUES(540,'Churu',29,4392,4336,15,41);
INSERT INTO district VALUES(541,'Dausa',29,2449,2414,10,25);
INSERT INTO district VALUES(542,'Dholpur',29,3794,3753,12,29);
INSERT INTO district VALUES(543,'Dungarpur',29,5854,5525,293,36);
INSERT INTO district VALUES(544,'Evacuees',29,61,61,0,0);
INSERT INTO district VALUES(545,'Ganganagar',29,6879,6758,79,42);
INSERT INTO district VALUES(546,'Hanumangarh',29,3064,3015,37,12);
INSERT INTO district VALUES(547,'Italians',29,2,2,0,0);
INSERT INTO district VALUES(548,'Jaipur',29,61284,59424,1338,522);
INSERT INTO district VALUES(549,'Jaisalmer',29,2269,2227,17,25);
INSERT INTO district VALUES(550,'Jalore',29,5671,5572,47,52);
INSERT INTO district VALUES(551,'Jhalawar',29,3879,3765,90,24);
INSERT INTO district VALUES(552,'Jhunjhunu',29,4616,4546,15,55);
INSERT INTO district VALUES(553,'Jodhpur',29,46244,44993,943,308);
INSERT INTO district VALUES(554,'Karauli',29,1605,1556,29,20);
INSERT INTO district VALUES(555,'Kota',29,21184,20372,643,169);
INSERT INTO district VALUES(556,'Nagaur',29,10465,10276,94,95);
INSERT INTO district VALUES(557,'Other State',29,189,150,0,39);
INSERT INTO district VALUES(558,'Pali',29,11159,10935,115,109);
INSERT INTO district VALUES(559,'Pratapgarh',29,1420,1274,122,24);
INSERT INTO district VALUES(560,'Rajsamand',29,4831,4328,453,50);
INSERT INTO district VALUES(561,'Sawai Madhopur',29,2169,2099,43,27);
INSERT INTO district VALUES(562,'Sikar',29,9194,9002,91,101);
INSERT INTO district VALUES(563,'Sirohi',29,4114,3755,330,29);
INSERT INTO district VALUES(564,'Tonk',29,3490,3442,12,36);
INSERT INTO district VALUES(565,'Udaipur',29,13056,12316,613,127);
INSERT INTO district VALUES(566,'East Sikkim',30,1701,1106,592,3);
INSERT INTO district VALUES(567,'North Sikkim',30,7,1,6,0);
INSERT INTO district VALUES(568,'South Sikkim',30,519,73,446,0);
INSERT INTO district VALUES(569,'West Sikkim',30,110,15,95,0);
INSERT INTO district VALUES(570,'Foreign Evacuees',31,33,0,33,0);
INSERT INTO district VALUES(571,'Other State',31,250,0,250,0);
INSERT INTO district VALUES(572,'Adilabad',31,3220,15,3205,0);
INSERT INTO district VALUES(573,'Bhadradri Kothagudem',31,9220,4,9216,0);
INSERT INTO district VALUES(574,'Hyderabad',31,82161,305,81833,23);
INSERT INTO district VALUES(575,'Jagtial',31,6513,2,6511,0);
INSERT INTO district VALUES(576,'Jangaon',31,3792,1,3791,0);
INSERT INTO district VALUES(577,'Jayashankar Bhupalapally',31,2604,0,2604,0);
INSERT INTO district VALUES(578,'Jogulamba Gadwal',31,3419,25,3393,1);
INSERT INTO district VALUES(579,'Kamareddy',31,5799,8,5791,0);
INSERT INTO district VALUES(580,'Karimnagar',31,14299,16,14283,0);
INSERT INTO district VALUES(581,'Khammam',31,10906,3,10903,0);
INSERT INTO district VALUES(582,'Komaram Bheem',31,1691,2,1689,0);
INSERT INTO district VALUES(583,'Mahabubabad',31,5547,1,5546,0);
INSERT INTO district VALUES(584,'Mahabubnagar',31,5338,8,5330,0);
INSERT INTO district VALUES(585,'Mancherial',31,5851,0,5850,1);
INSERT INTO district VALUES(586,'Medak',31,3834,4,3830,0);
INSERT INTO district VALUES(587,'Medchal Malkajgiri',31,20536,9,20526,1);
INSERT INTO district VALUES(588,'Mulugu',31,3060,2,3058,0);
INSERT INTO district VALUES(589,'Nagarkurnool',31,4531,2,4529,0);
INSERT INTO district VALUES(590,'Nalgonda',31,12722,12,12710,0);
INSERT INTO district VALUES(591,'Narayanpet',31,1157,0,1156,1);
INSERT INTO district VALUES(592,'Nirmal',31,2897,13,2884,0);
INSERT INTO district VALUES(593,'Nizamabad',31,8571,30,8541,0);
INSERT INTO district VALUES(594,'Peddapalli',31,6044,1,6043,0);
INSERT INTO district VALUES(595,'Rajanna Sircilla',31,5350,2,5348,0);
INSERT INTO district VALUES(596,'Ranga Reddy',31,25168,17,25149,2);
INSERT INTO district VALUES(597,'Sangareddy',31,8449,6,8443,0);
INSERT INTO district VALUES(598,'Siddipet',31,8191,1,8190,0);
INSERT INTO district VALUES(599,'Suryapet',31,7256,24,7232,0);
INSERT INTO district VALUES(600,'Vikarabad',31,2790,15,2774,1);
INSERT INTO district VALUES(601,'Wanaparthy',31,3651,0,3651,0);
INSERT INTO district VALUES(602,'Warangal Rural',31,3940,0,3940,0);
INSERT INTO district VALUES(603,'Warangal Urban',31,12253,23,12230,0);
INSERT INTO district VALUES(604,'Yadadri Bhuvanagiri',31,4248,0,4248,0);
INSERT INTO district VALUES(605,'Railway Quarantine',32,428,428,0,0);
INSERT INTO district VALUES(606,'Airport Quarantine',32,2022,2005,15,2);
INSERT INTO district VALUES(607,'Other State',32,0,0,-3,3);
INSERT INTO district VALUES(608,'Ariyalur',32,4809,4721,39,49);
INSERT INTO district VALUES(609,'Chengalpattu',32,55579,53435,1335,809);
INSERT INTO district VALUES(610,'Chennai',32,246339,236911,5201,4227);
INSERT INTO district VALUES(611,'Coimbatore',32,58258,56397,1172,689);
INSERT INTO district VALUES(612,'Cuddalore',32,25561,25063,209,289);
INSERT INTO district VALUES(613,'Dharmapuri',32,6760,6650,55,55);
INSERT INTO district VALUES(614,'Dindigul',32,11809,11480,129,200);
INSERT INTO district VALUES(615,'Erode',32,15252,14930,172,150);
INSERT INTO district VALUES(616,'Kallakurichi',32,10938,10813,17,108);
INSERT INTO district VALUES(617,'Kancheepuram',32,30358,29483,420,455);
INSERT INTO district VALUES(618,'Kanyakumari',32,17434,17022,149,263);
INSERT INTO district VALUES(619,'Karur',32,5621,5523,47,51);
INSERT INTO district VALUES(620,'Krishnagiri',32,8396,8161,116,119);
INSERT INTO district VALUES(621,'Madurai',32,21691,20993,234,464);
INSERT INTO district VALUES(622,'Nagapattinam',32,9005,8649,219,137);
INSERT INTO district VALUES(623,'Namakkal',32,12054,11815,128,111);
INSERT INTO district VALUES(624,'Nilgiris',32,8621,8445,126,50);
INSERT INTO district VALUES(625,'Perambalur',32,2303,2275,7,21);
INSERT INTO district VALUES(626,'Pudukkottai',32,11820,11599,61,160);
INSERT INTO district VALUES(627,'Ramanathapuram',32,6539,6367,35,137);
INSERT INTO district VALUES(628,'Ranipet',32,16419,16119,110,190);
INSERT INTO district VALUES(629,'Salem',32,33348,32596,284,468);
INSERT INTO district VALUES(630,'Sivaganga',32,6950,6736,87,127);
INSERT INTO district VALUES(631,'Tenkasi',32,8683,8443,79,161);
INSERT INTO district VALUES(632,'Thanjavur',32,19388,18580,541,267);
INSERT INTO district VALUES(633,'Theni',32,17271,17011,53,207);
INSERT INTO district VALUES(634,'Thiruvallur',32,45718,44474,536,708);
INSERT INTO district VALUES(635,'Thiruvarur',32,11855,11457,284,114);
INSERT INTO district VALUES(636,'Thoothukkudi',32,16513,16286,84,143);
INSERT INTO district VALUES(637,'Tiruchirappalli',32,15451,15056,211,184);
INSERT INTO district VALUES(638,'Tirunelveli',32,16013,15660,138,215);
INSERT INTO district VALUES(639,'Tirupathur',32,7778,7556,94,128);
INSERT INTO district VALUES(640,'Tiruppur',32,19167,18629,313,225);
INSERT INTO district VALUES(641,'Tiruvannamalai',32,19647,19299,63,285);
INSERT INTO district VALUES(642,'Vellore',32,21399,20883,162,354);
INSERT INTO district VALUES(643,'Viluppuram',32,15444,15238,93,113);
INSERT INTO district VALUES(644,'Virudhunagar',32,16832,16545,55,232);
INSERT INTO district VALUES(645,'Dhalai',33,3480,3454,7,18);
INSERT INTO district VALUES(646,'Gomati',33,3932,3887,0,44);
INSERT INTO district VALUES(647,'Khowai',33,1843,1812,0,31);
INSERT INTO district VALUES(648,'North Tripura',33,2761,2736,2,16);
INSERT INTO district VALUES(649,'Sipahijala',33,2886,2846,1,39);
INSERT INTO district VALUES(650,'South Tripura',33,4059,4032,1,23);
INSERT INTO district VALUES(651,'Unokoti',33,2768,2744,1,23);
INSERT INTO district VALUES(652,'West Tripura',33,11758,11513,39,195);
INSERT INTO district VALUES(653,'Agra',34,10684,10388,119,177);
INSERT INTO district VALUES(654,'Aligarh',34,11580,11473,51,56);
INSERT INTO district VALUES(655,'Ambedkar Nagar',34,1935,1856,35,44);
INSERT INTO district VALUES(656,'Amethi',34,3798,3728,31,39);
INSERT INTO district VALUES(657,'Amroha',34,4396,4318,28,50);
INSERT INTO district VALUES(658,'Auraiya',34,3573,3492,33,48);
INSERT INTO district VALUES(659,'Ayodhya',34,8218,8062,31,125);
INSERT INTO district VALUES(660,'Azamgarh',34,6171,5963,113,95);
INSERT INTO district VALUES(661,'Baghpat',34,2350,2304,10,36);
INSERT INTO district VALUES(662,'Bahraich',34,4179,4072,30,77);
INSERT INTO district VALUES(663,'Ballia',34,7960,7776,77,107);
INSERT INTO district VALUES(664,'Balrampur',34,2348,2225,87,36);
INSERT INTO district VALUES(665,'Banda',34,3890,3828,19,43);
INSERT INTO district VALUES(666,'Barabanki',34,7935,7761,72,102);
INSERT INTO district VALUES(667,'Bareilly',34,14996,14639,191,166);
INSERT INTO district VALUES(668,'Basti',34,5427,5274,54,99);
INSERT INTO district VALUES(669,'Bhadohi',34,2278,2227,23,28);
INSERT INTO district VALUES(670,'Bijnor',34,4474,4376,33,65);
INSERT INTO district VALUES(671,'Budaun',34,4128,4023,60,45);
INSERT INTO district VALUES(672,'Bulandshahr',34,6355,6242,19,94);
INSERT INTO district VALUES(673,'Chandauli',34,4969,4831,71,67);
INSERT INTO district VALUES(674,'Chitrakoot',34,2199,2179,5,15);
INSERT INTO district VALUES(675,'Deoria',34,6788,6674,19,95);
INSERT INTO district VALUES(676,'Etah',34,2552,2514,9,29);
INSERT INTO district VALUES(677,'Etawah',34,5815,5669,39,107);
INSERT INTO district VALUES(678,'Farrukhabad',34,4752,4648,15,89);
INSERT INTO district VALUES(679,'Fatehpur',34,3885,3782,33,70);
INSERT INTO district VALUES(680,'Firozabad',34,4074,3901,104,69);
INSERT INTO district VALUES(681,'Gautam Buddha Nagar',34,26009,25642,276,91);
INSERT INTO district VALUES(682,'Ghaziabad',34,27217,26838,277,102);
INSERT INTO district VALUES(683,'Ghazipur',34,5324,5191,41,92);
INSERT INTO district VALUES(684,'Gonda',34,5115,5014,31,70);
INSERT INTO district VALUES(685,'Gorakhpur',34,21669,21149,154,366);
INSERT INTO district VALUES(686,'Hamirpur',34,1600,1571,8,21);
INSERT INTO district VALUES(687,'Hapur',34,4511,4397,46,68);
INSERT INTO district VALUES(688,'Hardoi',34,5987,5836,38,113);
INSERT INTO district VALUES(689,'Hathras',34,1321,1311,3,7);
INSERT INTO district VALUES(690,'Jalaun',34,4032,3971,14,47);
INSERT INTO district VALUES(691,'Jaunpur',34,6790,6653,37,100);
INSERT INTO district VALUES(692,'Jhansi',34,10707,10348,181,178);
INSERT INTO district VALUES(693,'Kannauj',34,3519,3451,19,49);
INSERT INTO district VALUES(694,'Kanpur Dehat',34,2167,2125,4,38);
INSERT INTO district VALUES(695,'Kanpur Nagar',34,33398,32289,266,843);
INSERT INTO district VALUES(696,'Kasganj',34,1973,1961,6,6);
INSERT INTO district VALUES(697,'Kaushambi',34,2273,2240,6,27);
INSERT INTO district VALUES(698,'Kushinagar',34,5745,5649,34,62);
INSERT INTO district VALUES(699,'Lakhimpur Kheri',34,7742,7586,57,99);
INSERT INTO district VALUES(700,'Lalitpur',34,3558,3448,63,47);
INSERT INTO district VALUES(701,'Lucknow',34,84575,81180,2193,1202);
INSERT INTO district VALUES(702,'Maharajganj',34,5867,5731,45,91);
INSERT INTO district VALUES(703,'Mahoba',34,1483,1467,4,12);
INSERT INTO district VALUES(704,'Mainpuri',34,3871,3782,13,76);
INSERT INTO district VALUES(705,'Mathura',34,7010,6783,112,115);
INSERT INTO district VALUES(706,'Mau',34,3102,3032,31,39);
INSERT INTO district VALUES(707,'Meerut',34,22776,22035,299,442);
INSERT INTO district VALUES(708,'Mirzapur',34,3495,3413,36,46);
INSERT INTO district VALUES(709,'Moradabad',34,12034,11770,79,185);
INSERT INTO district VALUES(710,'Muzaffarnagar',34,9077,8838,128,111);
INSERT INTO district VALUES(711,'Pilibhit',34,4233,4135,13,85);
INSERT INTO district VALUES(712,'Pratapgarh',34,5511,5365,71,75);
INSERT INTO district VALUES(713,'Prayagraj',34,29811,29005,395,411);
INSERT INTO district VALUES(714,'Rae Bareli',34,5747,5516,120,111);
INSERT INTO district VALUES(715,'Rampur',34,5579,5482,39,58);
INSERT INTO district VALUES(716,'Saharanpur',34,10390,10022,233,135);
INSERT INTO district VALUES(717,'Sambhal',34,3227,3169,13,45);
INSERT INTO district VALUES(718,'Sant Kabir Nagar',34,3538,3420,74,44);
INSERT INTO district VALUES(719,'Shahjahanpur',34,7027,6862,48,117);
INSERT INTO district VALUES(720,'Shamli',34,3716,3663,22,31);
INSERT INTO district VALUES(721,'Shrawasti',34,1392,1360,14,18);
INSERT INTO district VALUES(722,'Siddharthnagar',34,4131,4042,36,53);
INSERT INTO district VALUES(723,'Sitapur',34,4890,4776,31,83);
INSERT INTO district VALUES(724,'Sonbhadra',34,5094,4953,64,77);
INSERT INTO district VALUES(725,'Sultanpur',34,5075,4940,56,79);
INSERT INTO district VALUES(726,'Unnao',34,4668,4448,131,89);
INSERT INTO district VALUES(727,'Varanasi',34,24113,23236,420,457);
INSERT INTO district VALUES(728,'Almora',35,3299,3104,39,26);
INSERT INTO district VALUES(729,'Bageshwar',35,1549,1495,11,17);
INSERT INTO district VALUES(730,'Chamoli',35,3509,3385,19,15);
INSERT INTO district VALUES(731,'Champawat',35,1826,1790,20,9);
INSERT INTO district VALUES(732,'Dehradun',35,30823,28822,591,973);
INSERT INTO district VALUES(733,'Haridwar',35,14947,14060,494,164);
INSERT INTO district VALUES(734,'Nainital',35,13107,12644,133,239);
INSERT INTO district VALUES(735,'Pauri Garhwal',35,5198,5041,73,60);
INSERT INTO district VALUES(736,'Pithoragarh',35,3387,3308,19,48);
INSERT INTO district VALUES(737,'Rudraprayag',35,2304,2258,29,10);
INSERT INTO district VALUES(738,'Tehri Garhwal',35,4366,4041,124,17);
INSERT INTO district VALUES(739,'Udham Singh Nagar',35,11749,11425,79,117);
INSERT INTO district VALUES(740,'Uttarkashi',35,3817,3652,29,17);
INSERT INTO district VALUES(741,'Alipurduar',36,7733,7630,17,86);
INSERT INTO district VALUES(742,'Bankura',36,12132,11989,51,92);
INSERT INTO district VALUES(743,'Birbhum',36,10272,10033,150,89);
INSERT INTO district VALUES(744,'Cooch Behar',36,11886,11791,23,72);
INSERT INTO district VALUES(745,'Dakshin Dinajpur',36,8203,8110,19,74);
INSERT INTO district VALUES(746,'Darjeeling',36,18616,18332,80,204);
INSERT INTO district VALUES(747,'Hooghly',36,30029,29339,192,498);
INSERT INTO district VALUES(748,'Howrah',36,36595,35170,372,1053);
INSERT INTO district VALUES(749,'Jalpaiguri',36,14796,14594,38,164);
INSERT INTO district VALUES(750,'Jhargram',36,3069,3043,4,22);
INSERT INTO district VALUES(751,'Kalimpong',36,2243,2207,9,27);
INSERT INTO district VALUES(752,'Kolkata',36,132693,127654,1919,3120);
INSERT INTO district VALUES(753,'Malda',36,12830,12637,79,114);
INSERT INTO district VALUES(754,'Murshidabad',36,12407,12204,54,149);
INSERT INTO district VALUES(755,'Nadia',36,22816,22424,72,320);
INSERT INTO district VALUES(756,'North 24 Parganas',36,125506,121908,1066,2532);
INSERT INTO district VALUES(757,'Other State',36,66,63,0,3);
INSERT INTO district VALUES(758,'Paschim Bardhaman',36,16834,16404,260,170);
INSERT INTO district VALUES(759,'Paschim Medinipur',36,20354,19985,57,312);
INSERT INTO district VALUES(760,'Purba Bardhaman',36,12781,12627,51,103);
INSERT INTO district VALUES(761,'Purba Medinipur',36,20811,20479,53,279);
INSERT INTO district VALUES(762,'Purulia',36,7438,7291,98,49);
INSERT INTO district VALUES(763,'South 24 Parganas',36,37730,36777,239,714);
INSERT INTO district VALUES(764,'Uttar Dinajpur',36,6826,6675,73,78);
CREATE TABLE user(
      username TEXT,
      name TEXT,
      password TEXT,
      gender TEXT,
      location TEXT
    );
INSERT INTO user VALUES('maryann','Maryann Kim','$2b$10$eEVh8VMbLG6OI4kdPTdmO.VyYwaSePuKNC1HhRNoW4Du8lHIUVoFi','female','Texas');
INSERT INTO user VALUES('mark@glover','Mark Glover','$2b$10$jrbqutMXGL4pbwxCQb9pT.73upb23d9GWR3Hm7BtADKAXHmts0YYK','male','Texas');
INSERT INTO user VALUES('christopher_phillips','Christopher Phillips','$2b$10$nJivn2.9DL/teZivQpxXd.bRnN0QEnv5hXM5euQwcc3b4rhXRxgoq','male','Texas');
DELETE FROM sqlite_sequence;
INSERT INTO sqlite_sequence VALUES('district',764);
COMMIT;
